counter_code;name;description;included_in_formula;prize;category;udte_wait_time
da;Borders program Hogar;Loan Loan Corporativo;false;false;Datos quantifying Genérico;81910
31;Implementación Algodón;Pizza;true;false;dynamic;87848
54;Vasco;Increible Taka;false;false;Aruba;97077
59;experiences SDD;parsing protocol;false;false;schemas;54737
52;Fantástico Organizado;Salida Informática compressing;true;true;Amarillo integrate Bicicleta;7772
1d;Blanco e-business firewall;Algodón;false;true;Violeta e-enable;21565
aa;Pollo;wireless;false;false;Granito relationships Cambridgeshire;30962
8c;Denar payment;impactful;false;false;Queso Investment;76449
0a;Director hacking;móbil;false;true;interactive Violeta;34022
24;parsing users;virtual withdrawal;true;true;driver benchmark;1289
